INSERT INTO Doctor(dID,dName,Title,Department) 
VALUES
('D1','张三','主任医生','呼吸科'),
('D2','张五','副主任医生','心血管科'),
('D3', '李华', '主治医生', '五官科'),
('D4', '王敏', '住院医生', '儿科'),
('D5', '赵刚', '主任医生', '骨科'),
('D6', '陈静', '副主任医生', '五官科'),
('D7', '刘强', '主治医生', '呼吸科'),
('D8', '周丽', '住院医生', '心血管科'),
('D9', '黄涛', '主任医生', '五官科'),
('D10', '吴海', '副主任医生', '骨科'),
('D11', '孙梅', '主治医生', '儿科'),
('D12', '朱军', '住院医生', '呼吸科'),
('D13', '钱红', '主任医生', '五官科'),
('D14', '何勇', '副主任医生', '心血管科'),
('D15', '郑芳', '主治医生', '骨科'),
('D16', '郭强', '住院医生', '五官科'),
('D17', '冯莉', '主任医生', '儿科'),
('D18', '邓杰', '副主任医生', '呼吸科'),
('D19', '彭涛', '主治医生', '心血管科'),
('D20', '罗兰', '住院医生', '骨科');

INSERT INTO Patient(pID,pName,sex,Birth) 
VALUES
('P1', '王铭', 'M', '1985-03-10'),
('P2', '苏菲娅', 'F', '1998-07-12'),
('P3', '陈宗元', 'M', '1970-05-20'),
('P4', '章欣怡', 'F', '1982-11-18'),
('P5', '刘明轩', 'M', '1990-02-01'),
('P6', '孙雨晴', 'F', '1988-09-05'),
('P7', '赵启航', 'M', '1975-04-23'),
('P8', '周晓彤', 'F', '1986-06-14'),
('P9', '李浩然', 'M', '1993-01-08'),
('P10', '胡思涵', 'F', '1980-07-20'),
('P11', '陈伟', 'M', '1983-02-22'),
('P12', '张莉', 'F', '1977-05-10'),
('P13', '刘洋', 'M', '1992-08-15'),
('P14', '黄蓉', 'F', '1989-03-03'),
('P15', '吴波', 'M', '1974-06-25'),
('P16', '李薇', 'F', '1991-10-07'),
('P17', '周健', 'M', '1987-12-01'),
('P18', '朱丽', 'F', '1984-04-20'),
('P19', '何勇', 'M', '1978-09-12'),
('P20', '徐佳', 'F', '1996-05-08'),
('P21', '陈晨', 'M', '1986-07-18'),
('P22', '王丹', 'F', '1976-11-23'),
('P23', '李军', 'M', '1995-01-11'),
('P24', '刘娜', 'F', '1983-02-28'),
('P25', '赵雷', 'M', '1979-08-10'),
('P26', '孙瑶', 'F', '1994-03-15'),
('P27', '周强', 'M', '1981-05-05'),
('P28', '朱琳', 'F', '1988-06-12'),
('P29', '何平', 'M', '1972-08-22'),
('P30', '徐燕', 'F', '1990-04-18'),
('P31', '曹骏', 'M', '1987-09-25'),
('P32', '李静', 'F', '1980-02-10'),
('P33', '刘宇', 'M', '1993-07-20'),
('P34', '黄晶', 'F', '1985-11-05'),
('P35', '吴杰', 'M', '1976-03-15'),
('P36', '张琴', 'F', '1992-08-01'),
('P37', '周凯', 'M', '1989-06-10'),
('P38', '陈霞', 'F', '1984-01-28'),
('P39', '王辉', 'M', '1978-12-20'),
('P40', '刘颖', 'F', '1997-05-03'),
('P41', '赵磊', 'M', '1986-07-15'),
('P42', '孙莉', 'F', '1979-10-25'),
('P43', '李涛', 'M', '1994-03-20'),
('P44', '张薇', 'F', '1983-08-12'),
('P45', '刘强', 'M', '1977-04-28'),
('P46', '黄丽', 'F', '1991-09-05'),
('P47', '吴松', 'M', '1988-01-18'),
('P48', '周莉', 'F', '1981-06-25'),
('P49', '陈华', 'M', '1975-11-10'),
('P50', '张岚', 'F', '1996-02-22');
INSERT INTO Cure(pID,dID,Fee)
VALUES
('P17', 'D7', 733.93),
('P17', 'D3', 458.71),
('P12', 'D6', 803.84),
('P8', 'D6', 989.94),
('P10', 'D8', 140.71),
('P8', 'D9', 976.89),
('P8', 'D2', 552.17),
('P19', 'D7', 298.3),
('P3', 'D10', 754.42),
('P6', 'D8', 994.4),
('P7', 'D1', 699.23),
('P2', 'D2', 725.52),
('P16', 'D6', 975.16),
('P14', 'D7', 149.44),
('P3', 'D4', 502.0),
('P14', 'D9', 218.27),
('P5', 'D4', 333.53),
('P14', 'D6', 449.03),
('P1', 'D9', 366.01),
('P10', 'D7', 606.97),
('P5', 'D9', 760.2),
('P10', 'D6', 575.14),
('P18', 'D5', 135.98),
('P1', 'D8', 736.45),
('P20', 'D10', 541.87),
('P8', 'D1', 777.87),
('P2', 'D8', 567.85),
('P9', 'D10', 534.99),
('P10', 'D4', 794.1),
('P14', 'D3', 352.5),
('P16', 'D2', 165.83),
('P5', 'D10', 827.19),
('P8', 'D3', 762.03),
('P19', 'D5', 798.39),
('P6', 'D10', 875.26),
('P7', 'D5', 586.56),
('P20', 'D1', 531.3),
('P5', 'D7', 157.88),
('P10', 'D2', 636.51),
('P7', 'D8', 573.54),
('P1', 'D4', 360.15),
('P16', 'D10', 529.07),
('P18', 'D6', 831.76),
('P13', 'D5', 354.76),
('P2', 'D1', 924.99),
('P8', 'D8', 221.01),
('P19', 'D3', 132.09),
('P20', 'D9', 290.18),
('P1', 'D7', 793.63),
('P4', 'D6', 217.76);